name,school,who,phone,district,song_a,song_b,category,group,half
曹 杨,枫华府第学前教育集团枫华园区,曹 杨,18072857795,西湖区,古里古里小古里,太阳花   C20,独唱,幼儿组,前半场
钱  言,文新学前教育集团文新幼儿园,钱  言,13588350806,西湖区,孔融让梨,歌唱二小放牛郎 19,独唱,幼儿组,前半场
文新学前教育集团富城幼儿园,吴嘉熠/曹程羿/金沛宜/窦文雅/徐艺珈/邹诺一,吴嘉熠/曹程羿/金沛宜/窦文雅/徐艺珈/邹诺一,15957183312,西湖区,音乐魔法,祖国祖国我们爱你 2,组唱,幼儿组,前半场
胜利东河幼儿园,俞依岑/些涵玥/张葚楠/沈桐悦/杨辰奕/吴逸忱/邬明轩/徐睿萱/陈钰/陈欣晨,俞依岑/些涵玥/张葚楠/沈桐悦/杨辰奕/吴逸忱/邬明轩/徐睿萱/陈钰/陈欣晨,15158026204,上城区,小猫种鱼,井冈山下种南瓜 3,组唱,幼儿组,前半场
王小唯,行知幼儿园,王小唯,13957106860,上城区,一颗做梦的树,一米阳光 C40,独唱,幼儿组,前半场
喜洋洋幼儿园,唐果/董昕乐/任征/陈芯言/戴陈洁/徐冉/郑之昕/许如镝/蔡岩豫/沈若曦/陈礼尔/俞怡嘉/张睿妍/周子轩/汪许诺/吴佳芮,唐果/董昕乐/任征/陈芯言/戴陈洁/徐冉/郑之昕/许如镝/蔡岩豫/沈若曦/陈礼尔/俞怡嘉/张睿妍/周子轩/汪许诺/吴佳芮,13738172275,上城区,哇吉哇,可爱的家  G2,表演唱,幼儿组,前半场
吴林慧,杭州市星辰幼儿园  大班,吴林慧,15356192280,下城区,种太阳,红小鬼 14,独唱,幼儿组,前半场
孙曦玥,杭州市朝晖幼儿园  大班,孙曦玥,15557122705,下城区,亲爱的小猫,红小鬼 14,独唱,幼儿组,前半场
何珏,杭州市安华幼儿园  大班,何珏,15715777588,下城区,戴斗笠的小妞妞,红小鬼 14,独唱,幼儿组,前半场
邬美琳,丁兰第二幼儿园,邬美琳,15068182086,江干区,椰子树下,红小鬼 14,独唱,幼儿组,前半场
丁兰第四幼儿园,王景瑄/邱雨洋/周佳倪/王瑾萱/严芷涵/江南忆/赵梓含/杨子萱/陈俞悦/付吴萱/方佳晗/吴详瑜/余林恩/张博涵,王景瑄/邱雨洋/周佳倪/王瑾萱/严芷涵/江南忆/赵梓含/杨子萱/陈俞悦/付吴萱/方佳晗/吴详瑜/余林恩/张博涵,18768187475,江干区,爱的城堡,绿色的祖国 20,表演唱,幼儿组,前半场
季卓伊,,季卓伊,15968866866,江干区,太阳小鸟夸奖我,红小鬼 14,独唱,幼儿组,前半场
祥符艺术幼儿园,方若珂/郭栩然/朱元依/应越/蒋嘉颖/蔡起哲/黄言雅/刘雨萱/翁雪逸/邵奕昕/欧阳婧雨/林悠苒/张笑语/江宇轩,方若珂/郭栩然/朱元依/应越/蒋嘉颖/蔡起哲/黄言雅/刘雨萱/翁雪逸/邵奕昕/欧阳婧雨/林悠苒/张笑语/江宇轩,18668128535,拱墅区,清晨听到公鸡叫,井岗上下种南瓜 3,表演唱,幼儿组,前半场
舟山路幼儿园,宋可馨/马思思/刘子瑜/王璐延/杨芷钰/张忆之/俞心铭/周伊诺,宋可馨/马思思/刘子瑜/王璐延/杨芷钰/张忆之/俞心铭/周伊诺,13957123143,拱墅区,戴斗笠的小妞妞,三只蚂蚁去旅游  C21,组唱,幼儿组,前半场
童星幼儿园,潘瑀皙/张凌涵/林圣欣/秦子轩/陈潘悦/方子岳/杨欣妍/马菡蕊/张文轩/林枫/孙昊辰/王政恺/高沐馨/袁靖宜,潘瑀皙/张凌涵/林圣欣/秦子轩/陈潘悦/方子岳/杨欣妍/马菡蕊/张文轩/林枫/孙昊辰/王政恺/高沐馨/袁靖宜,13758128372,拱墅区,数星星,剪羊毛 G3,表演唱,幼儿组,前半场
刘俊廷/徐芮熙,滨江区春波南苑幼儿园,刘俊廷/徐芮熙,18105713795,滨江区,2闪亮全世界,1祖国祖国我们爱你 2,重唱,幼儿组,前半场
长河街道幼儿园,赵懿然/来汀晗/邵舒涵/来奕宸/郑希宸/傅思颖/张婧唯/钱玥彤/周云琪/陈子茁/潘筱月/沈抒玙/董华烨/任杰楷/汪周为/黄熠楠,赵懿然/来汀晗/邵舒涵/来奕宸/郑希宸/傅思颖/张婧唯/钱玥彤/周云琪/陈子茁/潘筱月/沈抒玙/董华烨/任杰楷/汪周为/黄熠楠,18767126951,滨江区,2小草的宣言,1胖猪小嘟嘟 C3,表演唱,幼儿组,前半场
叶彦博/谢睿琳,国信嘉园幼儿园临江分园,叶彦博/谢睿琳,18667102309,滨江区,寻找小王子,祖国祖国我们爱你 2,重唱,幼儿组,前半场
蒋可纳,北干幼儿园大二班,蒋可纳,13357103612,萧山区,满家格格美如花,小鸡拔河 C5,独唱,幼儿组,前半场
邹雨晨,所前镇街村天乐幼儿园,邹雨晨,18268178112,萧山区,在海边,童年的花衣裳 C31,独唱,幼儿组,前半场
李星仪,衙前镇第一幼儿园大一班,李星仪,13588256596,萧山区,芭比娃娃,小鸡拔河 C5,独唱,幼儿组,前半场
"董善珍/马屹玥/郭煊雨/项依心",杭州经济技术开发区学正幼儿园,"董善珍/马屹玥/郭煊雨/项依心",15306530112,下沙经济技术开发区,捐款救熊猫,三只蚂蚁去旅游 C21,表演唱,幼儿组,前半场
"张 藩/蓝欣荧/陈一帆/ 黄娇妮",杭州经济技术开发区艺馨幼儿园,"张 藩/蓝欣荧/陈一帆/ 黄娇妮",18042318250,下沙经济技术开发区,祖国祖国我们爱你,红星歌  15,表演唱,幼儿组,前半场
杭州经济技术开发区锦湖幼儿园,陈子畔/单璐瑶/金幼恩/孙佳盈/孙婉清/朱一诺/黄宇晨/朱思意/郑芷烨/魏子涵/彭湃/刘粲然/高俊博/王梓瑶/张琪睿/杨莹,陈子畔/单璐瑶/金幼恩/孙佳盈/孙婉清/朱一诺/黄宇晨/朱思意/郑芷烨/魏子涵/彭湃/刘粲然/高俊博/王梓瑶/张琪睿/杨莹,15068854595,下沙经济技术开发区,2五星红旗把我抱,1小红花  6,组唱,幼儿组,前半场
谢林君,义蓬第二幼儿园大二班,谢林君,13867488298,大江东产业聚集区,我是一条小青龙,红小鬼 14,独唱,幼儿组,前半场
施晨竹,江东幼儿园大班,施晨竹,82986717,大江东产业聚集区,2.熊猫咪咪,1.祖国祖国我们爱你 2,独唱,幼儿组,前半场
袁施唯熠,  义蓬第一幼儿园大班,袁施唯熠,13588876199,大江东产业聚集区,2.快乐00后,1.种太阳 8,独唱,幼儿组,前半场
陈宇歆/季佳琳,西子湖幼儿园九溪园区中班,陈宇歆/季佳琳,13777464965,西湖风景名胜区,小鸡拔河,国旗国旗真美丽 5,表演唱,幼儿组,前半场
刘子瑜,西子湖幼儿园三台山园区大班,刘子瑜,15394253861,西湖风景名胜区,太阳花,国旗国旗真美丽 5,表演唱,幼儿组,前半场
徐靓,乐之乐艺术中心中班,徐靓,13777494709,余杭区,小幺妹,祖国祖国我们爱你 2,独唱,幼儿组,后半场
王若萱,新星幼儿园总园大三班,王若萱,15988109121,余杭区,红妞子,三只熊 G4,独唱,幼儿组,后半场
高瑞,绿城育华亲亲幼儿园,高瑞,13588483818,余杭区,爸爸阿洽,小鸡拔河 C5,独唱,幼儿组,后半场
毛冉,实验幼儿园机关分园,毛冉,13588872320,淳安县,牧羊童,新龟兔赛跑 C6,独唱,幼儿组,后半场
高文,千岛湖一家山水幼儿园,高文,13758183339,淳安县,小红花,太阳花 C20,独唱,幼儿组,后半场
杨嘉妮,火炉尖幼儿园,杨嘉妮,15168239486,淳安县,蜗牛的笑,小红花 6,独唱,幼儿组,后半场
周可欣,富阳区东洲中心幼儿园,周可欣,15957178715,富阳市,小小心愿,太阳花 C20,独唱,幼儿组,后半场
付 栎,富阳区大拇指幼儿园,付 栎,18069850053,富阳市,金孔雀轻轻跳,歌唱二小放牛郎 19,独唱,幼儿组,后半场
严诗文,富阳区万市镇中心幼儿园,严诗文,13456943410,富阳市,国旗多美丽,祖国祖国我们爱你 2,独唱,幼儿组,后半场
周雅莉,桐庐县燕子矶幼儿园,周雅莉,13136111230,桐庐县,拔浪鼓,小松树 7,独唱,幼儿组,后半场
崔湘滨,桐庐县滨江幼儿园包山园区,崔湘滨,13967157536,桐庐县,葫芦娃,小松树 7,独唱,幼儿组,后半场
范语瞳,桐庐县富春幼儿园中班,范语瞳,13034216878,桐庐县,我来当老师,祖国祖国我们爱你 2,独唱,幼儿组,后半场
方汤于泽,临安市锦城中心幼儿园大班,方汤于泽,13567183738,临安市,大写的壹,中华小儿郎 17,独唱,幼儿组,后半场
章卓凡,临安市天阳幼儿园大班,章卓凡,13758288303,临安市,中华小儿郎17,红小鬼 14,表演唱,幼儿组,后半场
杨君雯,青山中心幼儿园 中班,杨君雯,13336074869,临安市,草原赞歌16,我爱北京天安门 4,表演唱,幼儿组,后半场
徐揭儿,建德市实验幼儿园大（3）班,徐揭儿,18258198123,建德市,祖国祖国我们爱你2,种太阳 8,独唱,幼儿组,后半场
俞婧玥,竞舟小学三（3）班,俞婧玥,13588235068,西湖区,索玛阿杰鲁,外婆湾里杨梅红 C25,独唱,小学低段组,前半场
葛幽哉,袁浦小学二（5）班,葛幽哉,13588143994,西湖区,月牙船,雪花飞呀飞 C29,独唱,小学低段组,前半场
朱家禾,学军小学求智校区301,朱家禾,13858129001,西湖区,炫海娃,红小鬼 14(自备),独唱,小学低段组,前半场
朱曦元,天长小学三年级3班,朱曦元,13588498878,上城区,武圣关羽,小小少年 G14,独唱,小学低段组,前半场
陈彤茜,胜利实验学校三年级1班,陈彤茜,15158066596,上城区,好一朵雪莲花,童年的花衣裳 C31,演唱,小学低段组,前半场
毛逸飞,紫阳小学三年级1班,毛逸飞,18657172228,上城区,小小少年,中华小儿郎 17,独唱,小学低段组,前半场
景成实验学校,许新锐/樊于畅/蔡语嫣/楼忆萱/何传雪/俞哲钰/张曦文/瞿瑗,许新锐/樊于畅/蔡语嫣/楼忆萱/何传雪/俞哲钰/张曦文/瞿瑗,13735814772,下城区,小伙伴打磨秋,雪花飞呀飞 C29,组唱,小学低段组,前半场
周钱睿,,周钱睿,13757107118,下城区,跳月歌,红小鬼 14,独唱,小学低段组,前半场
林希悦,,林希悦,13906534371,下城区,索玛阿杰鲁,童年的花衣裳 C31,独唱,小学低段组,前半场
杨子毅,采荷第三小学102班,杨子毅,18005712128,江干区,"京剧《智取威虎山》选段——打虎上山",歌唱二小放牛郎 19,独唱,小学低段组,前半场
陈瑶,采荷第三小学202班,陈瑶,13575739778,江干区,小伙伴打磨秋,爱的人间 25,独唱,小学低段组,前半场
倪芮思,笕桥小学三3班,倪芮思,18758270775,江干区,水乡童谣,外婆湾里杨梅红 C25,独唱,小学低段组,前半场
何静怡,杭州市长阳小学（303班）,何静怡,13858088009,拱墅区,洪湖别样红,我仰望五星红旗 34,独唱,小学低段组,前半场
徐子琪,杭州市大关小学（107班）,徐子琪,13600544331,拱墅区,我是草原的风娃娃,祖国最亲妈妈最好 30,独唱,小学低段组,前半场
朱雨暄,杭州市大关小学（302班）,朱雨暄,13758190488,拱墅区,云朵上的家,我仰望五星红旗 34,独唱,小学低段组,前半场
杭州市滨文小学,虞朔歌/户允迪/许欣琳/吴珺怡/虞清宇/来天然,虞朔歌/户允迪/许欣琳/吴珺怡/虞清宇/来天然,15988863422,滨江区,去云朵里躲猫猫,舞龙的都是孩子王 C18,表演唱,小学低段组,前半场
付滢滢,杭州高新实验学校302,付滢滢,13867421111,滨江区,乌鸦与狐狸,花仙子之歌 G8,独唱,小学低段组,前半场
杨子清,杭州江南实验学校203,杨子清,13566701808,滨江区,阿佤加林赛,雨花石 27,独唱,小学低段组,前半场
李科颖,北干小学 205班,李科颖,13588285898,萧山区,云朵上的家,童年的花衣裳 C31,独唱,小学低段组,前半场
陈凯乐,宁围小学 301班,陈凯乐,13516707720,萧山区,蓝色的丝路,红蜻蜓 G9,独唱,小学低段组,前半场
陆若宸,育才小学 301,陆若宸,13588032164,萧山区,一米阳光,外婆湾里杨梅红 C25,独唱,小学低段组,前半场
邱奕,杭州经济技术开发区学正小学203,邱奕,13093743336,下沙经济技术开发区,童年水云间,祖国最亲妈妈最好 30,独唱,小学低段组,前半场
杭州经济技术开发区学正小学,辛丽莎/王睿琪/郑依萱/罗悦文/施彦羽/丘奕/陈逸凡/钱奕杉/周胡扬,辛丽莎/王睿琪/郑依萱/罗悦文/施彦羽/丘奕/陈逸凡/钱奕杉/周胡扬,13989861200,下沙经济技术开发区,2/快乐00后,1金葫芦 C26,表演唱,小学低段组,前半场
潘佳芮,杭州经济技术开发区学林街小学302,潘佳芮,13105712846,下沙经济技术开发区,2/牧笛声声,1金葫芦 C26,独唱,小学低段组,前半场
高米妮,萧山区河庄小学二年级（3）班,高米妮,15715728531,大江东产业聚集区,放羊的尕妹妹,美丽的蝴蝶夹,独唱,小学低段组,前半场
马思源,萧山区新围小学二年级（1）班,马思源,13185011176,大江东产业聚集区,满家格格美如画,金葫芦 C26,独唱,小学低段组,前半场
陈姝涵,靖江第一小学二年级（2）班,陈姝涵,13396545398,大江东产业聚集区,我的心是小茉莉,童年的花衣裳 C31,独唱,小学低段组,前半场
周奕,长桥小学 三（1）,周奕,15858180455,西湖风景名胜区,虫儿飞,爱的人间 25,独唱,小学低段组,前半场
章雯希,西子湖小学一年级（1）,章雯希,13251019188,西湖风景名胜区,乌鸦与狐狸,红小鬼 14,独唱,小学低段组,前半场
韩镇枭,西子湖小学二年级（1）,韩镇枭,18058166741,西湖风景名胜区,心愿,美丽的蝴蝶夹 C39,独唱,小学低段组,前半场
王静,潘板中心小学303班,王静,13735872314,余杭区,千岛渔歌,雨花石 27,独唱,小学低段组,后半场
诸宁儿,信达外国语学校302班,诸宁儿,13777357976,余杭区,圣洁的哈达,祖国最亲妈妈最好 30,独唱,小学低段组,后半场
张文驰,临平二小201,张文驰,15258850895,余杭区,童心是小鸟,雪花飞呀飞 C29,独唱,小学低段组,后半场
陈子沁,淳安县实验小学 三（2）班,陈子沁,15068760015,淳安县,好一朵雪莲花,一米阳光 C40,独唱,小学低段组,后半场
余子睿,淳安县实验小学 二（1）班,余子睿,13968112130,淳安县,小赫哲之歌,中华小儿郎 17,独唱,小学低段组,后半场
章 艺,淳安县千岛湖镇第一小学三（4）班,章 艺,13516870551,淳安县,花海飞歌,草原赞歌 16,独唱,小学低段组,后半场
叶松清,富阳区实验小学三（7）班,叶松清,13071824722,富阳市,圆圆的心愿,雨花石 27,独唱,小学低段组,后半场
戴亦冉,富阳区新登镇中心小学三（1）班,戴亦冉,13735529000,富阳市,额济纳胡杨,雪花飞呀飞 C29,独唱,小学低段组,后半场
程钰惠,富阳区新登镇中心小学三（2）班,程钰惠,13735529000,富阳市,天上掉下个林妹妹,小小少年 G14,独唱,小学低段组,后半场
徐熙茗,桐庐县实验小学三（4）班,徐熙茗,13575727699,桐庐县,绣花小帽,草原赞歌 16,独唱,小学低段组,后半场
叶艺涵,桐庐县学府小学二（1）班,叶艺涵,13067851089,桐庐县,妈妈的小美人鱼,花仙子之歌 G8,独唱,小学低段组,后半场
徐语甜,桐庐县学府小学三（1）班,徐语甜,13685771524,桐庐县,温暖的梦乡,我给太阳提意见 C23,独唱,小学低段组,后半场
李心成,晨曦小学东校区三年级6班,李心成,13336085866,临安市,太阳少年,中华小儿郎 17,独唱,小学低段组,后半场
叶晨茜,衣锦小学一年级3班,叶晨茜,13868129398,临安市,魔法王国进行曲,太阳花 20,独唱,小学低段组,后半场
胡锦涵,晨曦小学西校区一3班,胡锦涵,13646863233,临安市,小斑马,中华小儿郎 17,独唱,小学低段组,后半场
唐果,建德市明珠小学二（3）班,唐果,13777361691,建德市,2.唱歌的风筝,1祖国最亲妈妈最好 30,独唱,小学低段组,后半场
周梓妍,建德市更楼小学三（1）班,周梓妍,13858161663,建德市,2.幸福像金达莱一样,1.五环童话 C27,独唱,小学低段组,后半场
李怡萱,,李怡萱,13738189899,外籍,唱花儿的花儿,,独唱,小学低段组,前半场
王子姗,,王子姗,18667000116,外籍,满家格格美如花,,独唱,小学低段组,前半场
王子妍,,王子妍,13757108710,外籍,小乌鸦爱妈妈,,独唱,小学低段组,前半场
王若羽,行知小学503,王若羽,15158822777,西湖区,阿瓦加林赛,唱支山歌给党听 35,独唱,小学高段组,后半场
周宣诚,学军小学（求智）506,周宣诚,13968160532,西湖区,少年中国龙 ,一米阳光 C40,独唱,小学高段组,后半场
黄书灿,翠苑一小文华校区403,黄书灿,13819489390,西湖区,小背篓,美丽的梦神 G34(自备),独唱,小学高段组,后半场
天长小学,斯意/余菲桐/徐圣洋/金祺/潘朵拉/李熙悦/崔嘉怡/王晨宇/许雨晨/王翊菲/陈欣阳/孙意宸/徐百彻/郑前程/王乙涵,斯意/余菲桐/徐圣洋/金祺/潘朵拉/李熙悦/崔嘉怡/王晨宇/许雨晨/王翊菲/陈欣阳/孙意宸/徐百彻/郑前程/王乙涵,13588863187,上城区,撒尼少年跳月来,天堂蝴蝶 C42,组唱,小学高段组,后半场
戚家琪,胜利实验学校五年级7班,戚家琪,18958129432,上城区,格日勒阿玛,叔叔，你去了哪 C45,独唱,小学高段组,后半场
陈妍冰,杭师附小五年级2班,陈妍冰,13735503532,上城区,云朵上的家,大海啊故乡 43,独唱,小学高段组,后半场
宋歌,东园小学五（4）班,宋歌,13777865126,下城区,美丽的梦神,红河谷 G15,独唱,小学高段组,后半场
李心怡,长江实验小学四年级,李心怡,18605711399,下城区,故乡的鸿嘎噜,美丽的蝴蝶夹 C39,独唱,小学高段组,后半场
章艺宁,景成实验学校六年级,章艺宁,18905813240,下城区,星星海,外婆家的路 C35,独唱,小学高段组,后半场
杜非凡,四年级七班,杜非凡,18858277606,江干区,唱支山歌给党听,我仰望五星红旗 34,表演唱,小学高段组,后半场
杭师大东城二小,余乐萱/童美婧/钱雅畅/何叶欣/章茗茗/夏雪/焦怡玮/刘一艺/张子涵/胡欣雨/顾洋/姜忻怡/何诗源/吴雨欣/胡杨艺,余乐萱/童美婧/钱雅畅/何叶欣/章茗茗/夏雪/焦怡玮/刘一艺/张子涵/胡欣雨/顾洋/姜忻怡/何诗源/吴雨欣/胡杨艺,18867528858,江干区,索玛阿杰鲁,希望 G12,表演唱,小学高段组,后半场
裴心瞳,采荷二小  508,裴心瞳,15990010307,江干区,草原月亮,映山红 41,独唱,小学高段组,后半场
郎轩,文渊小学407,郎轩,18668118379,拱墅区,美丽的蝴蝶夹 C39,一米阳光 C40,独唱,小学高段组,后半场
金俊男 ,卖鱼桥小学教育集团403,金俊男 ,13396531111,拱墅区,江山飞歌,我仰望五星红旗 34,独唱,小学高段组,后半场
孙张懿,卖鱼桥小学教育集团602,孙张懿,13957137644,拱墅区,梨花又开放,爱的人间 25,独唱,小学高段组,后半场
黄顗桐,杭州高新实验学校402,黄顗桐,13282033933,滨江区,Part_Of_Your World,在云上 C47,独唱,小学高段组,后半场
张雨飞,杭州市滨文小学404,张雨飞,13906532923,滨江区,对着星星许个愿,一米阳光 C40,独唱,小学高段组,后半场
沈昊蓝,杭州江南实验学校507,沈昊蓝,13967133789,滨江区,江山飞歌,美丽的中国美丽的梦 C41,独唱,小学高段组,后半场
毛秀玲/毛秀婷,湘师实验小学504,毛秀玲/毛秀婷,13819177869,萧山区,唯舞独尊,长大的感觉真好 C50,重唱,小学高段组,后半场
韩瑭,高桥小学 602班,韩瑭,13606715879,萧山区,如果有来生,烛光里的妈妈 59,独唱,小学高段组,后半场
叶颐祺,湘师附小 402班,叶颐祺,18757171103,萧山区,今天向昨天敬礼,美丽的蝴蝶夹 C39 C39,独唱,小学高段组,后半场
倪佳怡,景苑小学401班,倪佳怡,13758255125,下沙经济技术开发区,放羊的尕妹妹,美丽的中国美丽的梦 C41,独唱,小学高段组,后半场
杭州经济技术开发区学林街小学,马知菲/江菲儿/吴若诗/王子悦/苏紫怡/万思涵/李成可/应缪玲/陈竹景/徐亦弦/郑鑫娴/邱文茜/周嘉玲,马知菲/江菲儿/吴若诗/王子悦/苏紫怡/万思涵/李成可/应缪玲/陈竹景/徐亦弦/郑鑫娴/邱文茜/周嘉玲,13758225162,下沙经济技术开发区,2小雪人冰冰,1雪花飞呀飞 C29,组唱,小学高段组,后半场
金星宇,文海实验学校504,金星宇,15857120805,下沙经济技术开发区,红高粱,孤独的牧羊人 G13,独唱,小学高段组,后半场
谢心悦,萧山区新湾小学五年级(5)班,谢心悦,13867178107,大江东产业聚集区,索玛阿杰鲁,雪花飞呀飞 C29,独唱,小学高段组,后半场
洪彧儿,萧山区新湾小学四年级（1）班,洪彧儿,13857174019,大江东产业聚集区,2.灰姑娘的梦,1外婆啊外婆 C43,独唱,小学高段组,后半场
萧山区新围小学,袁磊/朱俊杰/胡鑫芸/吕菲/张益/倪婉清/於宁瑶/杨钰敏/朱亦柯/俞诚柯/杨磊/方浩男/封帝阳/林攀博/任于波/许多,袁磊/朱俊杰/胡鑫芸/吕菲/张益/倪婉清/於宁瑶/杨钰敏/朱亦柯/俞诚柯/杨磊/方浩男/封帝阳/林攀博/任于波/许多,13819150060,大江东产业聚集区,2.街头少年合唱,1红河谷 G15,合唱,小学高段组,后半场
沈晨曦,小林中心小学401班,沈晨曦,13588348607,余杭区,红蜻蜓蓝蜻蜓,美丽的蝴蝶夹 C39,独唱,小学高段组,前半场
余杭区太炎小学,"宋歌/李欣怡/刘书涵/戴桐轩/张乐研/郝梦齐/郭洁/方逸畅/郑玉洁/费蕴清/杨乐研/蔣奇亨/沈可语/高思恬/方易/郦晨雨","宋歌/李欣怡/刘书涵/戴桐轩/张乐研/郝梦齐/郭洁/方逸畅/郑玉洁/费蕴清/杨乐研/蔣奇亨/沈可语/高思恬/方易/郦晨雨",18969003392,余杭区,梦中的额吉,小小少年 G14,小组唱,小学高段组,前半场
余杭区乔司中心小学,"姚悦/魏梦昀/戚欣滢/俞盈舟/毛语芮/陈可歆/蔡艺玲/俞悦/廖雨/陈望妍/傅瑜菲/范佳怡/李嘉堉/金朵朵/沈佳钰/周萌萌","姚悦/魏梦昀/戚欣滢/俞盈舟/毛语芮/陈可歆/蔡艺玲/俞悦/廖雨/陈望妍/傅瑜菲/范佳怡/李嘉堉/金朵朵/沈佳钰/周萌萌",13967157600,余杭区,数蛤蟆,雪花飞呀飞 C29,小组唱,小学高段组,前半场
王雨萱,千岛湖镇第一小学604,王雨萱,18142016388,淳安县,雪山桃花,美丽的中国美丽的梦 C41,独唱,小学高段组,前半场
周丽莎,青溪小学402,周丽莎,13606614118,淳安县,水灵灵的花,美丽的中国美丽的梦 C41,独唱,小学高段组,前半场
王艺纯,千岛湖镇第六小学501,王艺纯,13750806708,淳安县,我家住在漓江边,一米阳光 C40,独唱,小学高段组,前半场
邱子优,富阳区永兴小学508,邱子优,13868182821,富阳市,醒来的泸沽湖,美丽的蝴蝶夹 C39,独唱,小学高段组,前半场
盛李达,富阳区永兴小学406,盛李达,13868147797,富阳市,梦想的力量,一米阳光 C40,独唱,小学高段组,前半场
邵奕涵,富阳区实验小学405,邵奕涵,13868185432,富阳市,幸福格桑花,祖国最亲妈妈最好30,独唱,小学高段组,前半场
吴  煜,桐庐县学府小学五（3）班,吴  煜,15824486598,桐庐县,文成公主,希望 G12,独唱,小学高段组,前半场
汪旻奕,桐庐县迎春小学四（4）班,汪旻奕,15158081765,桐庐县,故乡的鸿嘎鲁,小小少年G14,独唱,小学高段组,前半场
雷宇翰,桐庐县学府小学五（4）班,雷宇翰,15824486598,桐庐县,"祖国最亲,妈妈最好",创世纪的新一代 29,独唱,小学高段组,前半场
临安市城南小学,程浩宇/童豫/王樱子/毛李兴/俞琪/金语瑄/王晓瑄/吕芷涵/帅悦涛/翁文樨/王佳琪/翁语彤/孙羽/何旭晨/周子淇,程浩宇/童豫/王樱子/毛李兴/俞琪/金语瑄/王晓瑄/吕芷涵/帅悦涛/翁文樨/王佳琪/翁语彤/孙羽/何旭晨/周子淇,15869005998,临安市,2库斯克邮车,1天堂蝴蝶 C42,小组唱,小学高段组,前半场
楼佳妮,横路小学四（1）班,楼佳妮,15088627462,临安市,山野里的星期天,祖国最亲妈妈最好 30,独唱,小学高段组,前半场
临安市晨曦小学东校区,陆鹏宇/陈飞扬/陈焯/邵柘淳/俞云开/谢俊毅/周靖涵/朱嘉禾/鲍欣羡/童安城/王正杰/高晨熙/许郎坤/李心成,陆鹏宇/陈飞扬/陈焯/邵柘淳/俞云开/谢俊毅/周靖涵/朱嘉禾/鲍欣羡/童安城/王正杰/高晨熙/许郎坤/李心成,13777485758,临安市,库斯克邮车,向快乐出发 C37,小组唱,小学高段组,前半场
黄彦轲,建德市明珠小学四（2）班,黄彦轲,15306580399,建德市,小小少年G14,地球是我们共同的家园C36,独唱,小学高段组,前半场
吕瑞鑫,建德市寿昌第一小学四（3）班,吕瑞鑫,15958004436,建德市,雨花石27,美丽的中国美丽的梦C41,独唱,小学高段组,前半场
梁祯,建德市明珠小学四（1）班,梁祯,13606519771,建德市,2阿瓦加林赛,1美丽的蝴蝶夹 C39,独唱,小学高段组,前半场
祝羽岑/徐清扬,公益中学八3班七7班,祝羽岑/徐清扬,15257135111,西湖区,清晨我们踏上小道,大海啊故乡 43,重唱,中学组,后半场
楼心尘,翠苑中学802,楼心尘,13666620478,西湖区,孤独的牧羊人,烛光里的妈妈 59,独唱,中学组,后半场
葛昕淼,东方中学初一（3）班,葛昕淼,13605804098,西湖区,天亮了,天路 65,独唱,中学组,后半场
余望尘,保俶塔实验学校申花校区810,余望尘,13958156937,西湖区,You raise me up,我和我的祖国48(自备),独唱,中学组,后半场
叶顺杰,杭州第六中学805,叶顺杰,13325817897,上城区,草原夜色美,烛光里的妈妈 59,独唱,中学组,后半场
沈楼兰,杭州第六中学708,沈楼兰,15968130875,上城区,带我到山顶,天堂蝴蝶 C42,独唱,中学组,后半场
蔡旻轩,新世纪外国语学校901,蔡旻轩,15700069211,上城区,乌兰巴托的夜,天路 65,独唱,中学组,后半场
"吴雪晨/余芊芊/周文悦/吴越",观成中学初二（4）班,"吴雪晨/余芊芊/周文悦/吴越",18957185255,下城区,you raise me up,国家 52,组合,中学组,后半场
李岩,明珠实验学校701,李岩,15868812560,下城区,天之大,草原上升起不落的太阳 44,独唱,中学组,后半场
周星宇,大成岳家湾实验学校九年级,周星宇,13388616177,下城区,当你老了,大海啊故乡 43,独唱,中学组,后半场
张佳乐,建设职业学校高三5,张佳乐,15715710464,江干区,听见下雨的声音,回忆 G26,独唱,中学组,后半场
天杭实验学校,陈嘉怡/邓雅瑄/罗佳/王湘晴/施楚瑶/贺雨菡/谭子琪/阮嘉琦,陈嘉怡/邓雅瑄/罗佳/王湘晴/施楚瑶/贺雨菡/谭子琪/阮嘉琦,15857177298,江干区,2心中的水乡,1花开的天堂 C44,表演唱,中学组,后半场
景芳中学,林梦文/方菲/应飘帆/沈歆予/孙紫怡/章凯璐/王雨洁/周吕静/郑刘佳怡/戴骏杰/陈浩磊/涂晓亮/蒋哲远/王晓栋/黄英豪,林梦文/方菲/应飘帆/沈歆予/孙紫怡/章凯璐/王雨洁/周吕静/郑刘佳怡/戴骏杰/陈浩磊/涂晓亮/蒋哲远/王晓栋/黄英豪,13777571158,江干区,雪绒花,美丽的西班牙女郎G28,表演唱,中学组,后半场
行知中学,姜雨菲/王伟娟/徐佳佳/陈盈馨/曹红丹/彭思捷,姜雨菲/王伟娟/徐佳佳/陈盈馨/曹红丹/彭思捷,13588440748,拱墅区,梦田,桃花源春 C46,组唱,中学组,后半场
戴莹,长河中学803,戴莹,13185083509,滨江区,守护梦想,烛光里的妈妈 59,独唱,中学组,后半场
吴钰佳,杭二中白马湖学校初一5,吴钰佳,13357113882,滨江区,索玛阿杰鲁,小背篓 39,独唱,中学组,后半场
来仪,江南实验学校710,来仪,13616710038,滨江区,最好的未来,桃花源春 C46,独唱,中学组,后半场
沈晓宇,城南初级中学802,沈晓宇,15868853897,萧山区,来香巴拉看太阳,儿行千里 68,独唱,中学组,后半场
赵姝轶,新街初中,赵姝轶,13806508306,萧山区,望月,叔叔，你去了哪 C45,独唱,中学组,后半场
洪心培,萧山五中,洪心培,13805759466,萧山区,七月的草原,我亲爱的爸爸 G30,独唱,中学组,后半场
林梦,下沙中学 811班,林梦,13185029958,下沙经济技术开发区,2.樱花草,1小背篓  39,独唱,中学组,后半场
李书灵,文海实验学校704,李书灵,15088739008,下沙经济技术开发区,2、风中的苏鲁锭,1大海啊故乡  43,独唱,中学组,后半场
郝圣乔,文海实验学校913,郝圣乔,18857176296,下沙经济技术开发区,2、望乡词,1桃花源春  C46,独唱,中学组,后半场
沈晨杰,新湾初中八年级(8)班,沈晨杰,13173692612,大江东产业聚集区,虎口脱险,我的中国心 55,独唱,中学组,后半场
谢婵婵,新湾初中七年级(2)班,谢婵婵,13173692612,大江东产业聚集区,2.天亮了,1桃花源-春46,独唱,中学组,后半场
姚可以,义蓬二中八年级(4)班,姚可以,13019872077,大江东产业聚集区,康美之恋,烛光里的妈妈 59,独唱,中学组,后半场
吴 辰,,吴 辰,18989890286,"直属高中(杭州第十四中学)",共和国之恋,大海啊故乡 43,独唱,中学组,后半场
王子一,,王子一,18248454988,"直属高中(杭州第十四中学)",青藏高原,天路 65,独唱,中学组,后半场
余杭区塘栖二中,陈诗玺/俞宗毅/丁竹筠/宋苞涵/马轶君/沈劭奕/金卓宁/姚璐/汤朱烨/陆欣妍/丁零/沈洋/唐雄/付彤/张心屿/戴冠霞,陈诗玺/俞宗毅/丁竹筠/宋苞涵/马轶君/沈劭奕/金卓宁/姚璐/汤朱烨/陆欣妍/丁零/沈洋/唐雄/付彤/张心屿/戴冠霞,18968093667,余杭区,Sing sing sing,美丽的梦神 G34,组唱,中学组,前半场
宋苞涵/马轶君/丁竹筠/姚 璐,,宋苞涵/马轶君/丁竹筠/姚 璐,18968093667,余杭区,梦田,乘着歌声的翅膀 G23,组唱,中学组,前半场
李子东,,李子东,18968093667,余杭区,北京，北京,精忠报国  54,独唱,中学组,前半场
王若瑜,高二10,王若瑜,13429629208,淳安县,秋水长天,江山 69,独唱,中学组,前半场
祝江涛,第二中学高一7,祝江涛,15957197661,淳安县,雨花石,国家 52,独唱,中学组,前半场
王晓斌,威坪中学高一1,王晓斌,15867133531,淳安县,多情的土地,三套车 G31,独唱,中学组,前半场
"李琰瑶/张悦/温旎",富阳学院14学前五2,"李琰瑶/张悦/温旎",13567123200,富阳市,春之歌,美丽的梦神 G34,组唱,中学组,前半场
曹 玮,新登中学高二15,曹 玮,13868181887,富阳市,心上人像达玛花,你们可知道 G29,独唱,中学组,前半场
周天逸,富阳学院14学前五2,周天逸,13567123200,富阳市,我像雪花天上来,绿树成荫 G24,独唱,中学组,前半场
储韩烨,"桐庐分水高级中学高二（7）班",储韩烨,13738173178,桐庐县,长城谣,我爱你，中国63,独唱,中学组,前半场
何洁依,桐庐富春高级中学,何洁依,18268093247,桐庐县,为了谁,映山红41,独唱,中学组,前半场
朱檬,桐江职业技术学校,朱檬,15067177323,桐庐县,just give me a reason,大海啊故乡 43,独唱,中学组,前半场
章涵羽,临安市实验初级中学803,章涵羽,15868159685,临安市,天亮了,桃花源·春46,独唱,中学组,前半场
"董鑫如/张寒爽/谢静怡/陶然","临安市青山初级中学八年级3班、七年级2班、八年级2班、七年级7班","董鑫如/张寒爽/
谢静怡/陶然",13868129398,临安市,天降金豆,花开的天堂 C44,重唱,中学组,前半场
胡彬,临安市教师进修学校高二2,胡彬,18757576443,临安市,酒干倘卖无,烛光里的妈妈59,独唱,中学组,前半场
周凌晟,建德市新安江第三初中706,周凌晟,13738151622,建德市,2.天边,1.桃花源.春C46,独唱,中学组,前半场